<?xml version="1.0" encoding="utf-8"?>
<!DOCTYPE hibernate-configuration SYSTEM 
"http://www.hibernate.org/dtd/hibernate-configuration-3.0.dtd">

<hibernate-configuration>
   <session-factory>
   <property name="dialect">org.hibernate.dialect.PostgreSQLDialect</property>
   <property name="connection.driver_class">org.postgresql.Driver</property>
   <property name="connection.url">jdbc:postgresql://localhost:5432/HibernateDB</property>
   <property name="connection.username">postgres</property>
   <property name="connection.password">Admin</property>
   <property name="hbm2ddl.auto">update</property>
   <property name="show_sql">true</property>
   <property name="format_sql">true</property>
   <property name="hibernate.current_session_context_class">thread</property>
   <mapping class="com.javacodegeeks.snippets.enterprise.hibernate.model.Book"/>
</session-factory>
</hibernate-configuration>